Species	Pseudogene	LoF_Type	Position_AA
Typhlichthys_subterraneus	arr3b	STOP	76
Speoplatyrhinus_poulsoni	Cryaa	STOP	110
Amblyopsis_rosae	Cryba1b	STOP	156
Amblyopsis_rosae	Cryba2b	STOP	33
Typhlichthys_subterraneus	Crybb1	STOP	180
Amblyopsis_rosae	Crybb1l1	STOP	81
Typhlichthys_subterraneus	Crybgx	STOP	98
Amblyopsis_rosae	Crygn2	STOP	95
Typhlichthys_subterraneus	Exorh	STOP	236
Amblyopsis_rosae	gcap2	STOP	145
Amblyopsis_hoosieri	gnat2	STOP	318
Amblyopsis_spelaea	gnat2	STOP	318
Amblyopsis_spelaea	gnat2	STOP	193
Typhlichthys_eigenmanni	gngt2b	STOP	64
Typhlichthys_eigenmanni	grk1b	STOP	504
Typhlichthys_eigenmanni	grk1b	STOP	506
Typhlichthys_subterraneus	grk1b	STOP	506
Amblyopsis_rosae	grk7a	STOP	89
Amblyopsis_spelaea	grk7a	STOP	444
Typhlichthys_subterraneus	grk7a	STOP	325
Amblyopsis_hoosieri	grk7b	STOP	270
Amblyopsis_spelaea	grk7b	STOP	270
Amblyopsis_rosae	gucy2f	STOP	41
Typhlichthys_subterraneus	Lws1	STOP	50
Speoplatyrhinus_poulsoni	Opn5	STOP	97
Amblyopsis_hoosieri	Opn6a-1	STOP	103
Amblyopsis_hoosieri	Opn6a-1	STOP	106
Amblyopsis_hoosieri	Opn6a-2	STOP	191
Amblyopsis_spelaea	Opn6a-2	STOP	191
Typhlichthys_eigenmanni	Opn6a-2	STOP	124
Typhlichthys_eigenmanni	Opn6a-2	STOP	130
Typhlichthys_subterraneus	Opn6a-2	STOP	73
Forbesichthys_agassizii	Opn7c	STOP	202
Forbesichthys_agassizii	Opn7c	STOP	165
Forbesichthys_agassizii	Opn7c	STOP	260
Amblyopsis_spelaea	Opn7c	STOP	165
Amblyopsis_spelaea	Opn7c	STOP	260
Typhlichthys_subterraneus	Opn7c	STOP	165
Speoplatyrhinus_poulsoni	Opn7c	STOP	165
Typhlichthys_eigenmanni	Opn7c	STOP	165
Typhlichthys_subterraneus	Opn7c	STOP	260
Typhlichthys_eigenmanni	Opn7c	STOP	260
Speoplatyrhinus_poulsoni	Opn7c	STOP	260
Forbesichthys_papilliferus	Opn7c	STOP	202
Forbesichthys_papilliferus	Opn7c	STOP	165
Forbesichthys_papilliferus	Opn7c	STOP	260
Amblyopsis_hoosieri	Opn7c	STOP	165
Amblyopsis_hoosieri	Opn7c	STOP	260
Chologaster_cornuta	Opn7c	STOP	48
Chologaster_cornuta	Opn7c	STOP	165
Amblyopsis_rosae	Opn7c	STOP	165
Chologaster_cornuta	Opn7c	STOP	259
Chologaster_cornuta	Parietopsin	STOP	162
Amblyopsis_rosae	Opn8c	STOP	58
Speoplatyrhinus_poulsoni	Parietopsin	STOP	232
Speoplatyrhinus_poulsoni	pde6a	STOP	748
Typhlichthys_eigenmanni	pde6a	STOP	58
Amblyopsis_hoosieri	pde6b	STOP	394
Amblyopsis_spelaea	pde6b	STOP	394
Amblyopsis_rosae	pde6c	STOP	454
Amblyopsis_rosae	pde6c	STOP	714
Typhlichthys_subterraneus	rcv2a	STOP	53
Typhlichthys_subterraneus	Rh1.1	STOP	332
Amblyopsis_spelaea	Rh1.1	STOP	184
Amblyopsis_rosae	Rh2.1	STOP	129
Amblyopsis_rosae	Rh2.1	STOP	150
Amblyopsis_rosae	Rh2.1	STOP	157
Amblyopsis_spelaea	Rpe65a	STOP	55
Amblyopsis_rosae	Rpe65b	STOP	108
Amblyopsis_rosae	Rpe65b	STOP	492
Amblyopsis_rosae	Tmt3a	STOP	237
Typhlichthys_eigenmanni	Tmt3a	STOP	28
